<?xml version="1.0" encoding="utf-8"?>
<install type="module" client="administrator" method="upgrade" version="1.5.0" position="icon">
  <name>sh404sef control panel icon</name>
  <author>Yannick Gaultier</author>
  <creationDate>2010-10-13</creationDate>
  <copyright>2010 - Yannick Gaultier</copyright>
  <license>http://www.gnu.org/licenses/gpl-2.0.html GNU/GPL</license>
  <authorEmail>admin@anything-digital.com</authorEmail>
  <authorUrl>dev.anything-digital.com</authorUrl>
  <version>2.1.6.749</version>
	<description>Quick access icon to reach sh404sef panel and analytics</description>
	<files>
		<filename module="mod_sh404sef_cpicon">mod_sh404sef_cpicon.php</filename>
		<filename>index.html</filename>
		<filename>styles.css</filename>
	</files>
  <params>
    <param name="moduleclass_sfx" type="text" default="" label="Module Class Suffix" description="A suffix to be applied to the css class of the module (table.moduletable). This allows individual module styling." />
  </params>
	<params group="advanced">
		<param name="cache" type="list" default="0" label="Caching" description="Select whether to cache the content of this module">
			<option value="0">No caching</option>
			<option value="1">Use global</option>
		</param>
		<param name="cache_time" type="text" default="900" label="Cache Time" description="The time before the module is recached" />
	</params>
</install>